{
  "physio": {
    "HR": {
      "ppg_rms": 0.14484768671108247,
      "ppg_std": 0.3043754747746582,
      "red_ac": 0.1874037096843185,
      "peak_count": 0.6365726050290333,
      "ir_ac": 0.09012892491353894
    },
    "SpO2_R_ratio": {
      "ppg_rms": 0.07126951221461335,
      "ppg_std": 0.03348343344623249,
      "red_ac": 0.044819674097886585,
      "peak_count": 0.039962609286681924,
      "ir_ac": 0.1377568071046136
    }
  },
  "activity": {
    "ax_std": 0.1048270614946049,
    "ay_std": 0.05549098784869834,
    "az_std": 0.059530670787972126,
    "ax_rms": 0.0999587168532475,
    "ay_rms": 0.0699122651635725,
    "az_rms": 0.031078835163161254,
    "sma": 0.055076046986654234,
    "ax_energy": 0.01582054965938865,
    "ay_energy": 0.045897869523950426,
    "az_energy": 0.03289678787917037
  }
}